overall_rank,id,label,year,url,node_type,community_id,subcommunity_id,composite_score,super_landmark,global_pagerank,pr_pct,local_betweenness,lpr_pct,global_betweenness,bw_pct,bridge_score,in_degree,out_degree,community_size
3010,862329,Kantendra_Jaymukhlal_Majumdar_vs_Collector_Of_Baroda_And_Anr_on_25_February_1965,1965.0,https://indiankanoon.org/doc/862329/,case,-1,C-1,0.328786,False,3.67e-06,0.21573076195878238,0.0,0.40669313669880885,0.0,0.40234448856116467,0.0,0,0,136
3013,1356211,Hukumchand_Gulabchand_Jain_vs_Fulchand_Lakhmichand_Jain_And_Others_on_16_February_1965,1965.0,https://indiankanoon.org/doc/1356211/,case,-1,C-1,0.328786,False,3.67e-06,0.21573076195878238,0.0,0.40669313669880885,0.0,0.40234448856116467,0.0,0,0,136
3014,1163900,Tekan_And_Others_vs_Ganeshi_on_22_February_1962,1962.0,https://indiankanoon.org/doc/1163900/,case,-1,C-1,0.328786,False,3.67e-06,0.21573076195878238,0.0,0.40669313669880885,0.0,0.40234448856116467,0.0,0,0,136
3016,37474,"Jose Da Costa & Another vs Bascora Sadashiva Sinai Narcornim & Anr on 7 April, 1976",1976.0,https://indiankanoon.org/doc/37474/,case,-1,C-1,0.328786,False,3.67e-06,0.21573076195878238,0.0,0.40669313669880885,0.0,0.40234448856116467,0.0,0,0,136
3017,1714640,K_V_Narayanaswami_Iyer_vs_K_V_Ramakrishna_Iyer_And_Ors_on_26_March_1964,1964.0,https://indiankanoon.org/doc/1714640/,case,-1,C-1,0.328786,False,3.67e-06,0.21573076195878238,0.0,0.40669313669880885,0.0,0.40234448856116467,0.0,0,0,136
3018,1044034,"Gulab Chand Sharma vs Saraswati Devi And Anr. on 14 December, 1976",1976.0,https://indiankanoon.org/doc/1044034/,case,-1,C-1,0.328786,False,3.67e-06,0.21573076195878238,0.0,0.40669313669880885,0.0,0.40234448856116467,0.0,0,0,136
3019,703762,"Collector Of 24 Parganas And Ors. vs Lalith Mohan Mullick And Ors. on 10 March, 1988",1988.0,https://indiankanoon.org/doc/703762/,case,-1,C-1,0.328786,False,3.67e-06,0.21573076195878238,0.0,0.40669313669880885,0.0,0.40234448856116467,0.0,0,0,136
3021,1585924,Gulraj_Singh_vs_Mota_Singh_on_13_March_1964,1964.0,https://indiankanoon.org/doc/1585924/,case,-1,C-1,0.328786,False,3.67e-06,0.21573076195878238,0.0,0.40669313669880885,0.0,0.40234448856116467,0.0,0,0,136
3023,1688111,D_S_Chellammal_Anni_vs_Nasanan_Samban_on_13_March_1964,1964.0,https://indiankanoon.org/doc/1688111/,case,-1,C-1,0.328786,False,3.67e-06,0.21573076195878238,0.0,0.40669313669880885,0.0,0.40234448856116467,0.0,0,0,136
3024,1428311,"Rajagopal Pillai And Anr. vs Pakkiam Ammal And Ors. on 6 March, 1975",1975.0,https://indiankanoon.org/doc/1428311/,case,-1,C-1,0.328786,False,3.67e-06,0.21573076195878238,0.0,0.40669313669880885,0.0,0.40234448856116467,0.0,0,0,136
1,299215,Charan_Lal_Sahu_Etc_Etc_vs_Union_Of_India_And_Ors_on_22_December_1989,1989.0,https://indiankanoon.org/doc/299215/,case,0,C0_S2,0.998024,True,0.00052306,0.9990546417092078,0.001430942,0.9967857818113065,0.0003146784,0.9977311401020987,0.0003035917,22,99,10922
5,884513,"Tata Cellular  v.  Union  of
India6",1994.0,https://indiankanoon.org/doc/884513/,case,0,C0_S9,0.991927,True,0.00020073,0.9875212705615428,0.0014172886,0.9964076384949896,0.0001606171,0.9937606352807714,0.0001496362,41,33,10922
6,268805,Delhi_Transport_Corporation_vs_D_T_C_Mazdoor_Congress_on_4_September_1990,1990.0,https://indiankanoon.org/doc/268805/,case,0,C0_S13,0.991473,True,0.00020765,0.988466628852335,0.0004122422,0.9848742673473246,0.0006469684,0.9996218566836831,0.0006437744,33,205,10922
8,703393,"The Ahmedabad St. Xaviers College ... vs State Of Gujarat & Anr on 26 April, 1974",1974.0,https://indiankanoon.org/doc/703393/,case,0,C0_S4,0.989176,True,0.00020003,0.9873321989033844,0.0003599996,0.9827944791075818,0.0002032639,0.9958404235205143,0.0002004747,27,153,10922
9,1775396,Unni_Krishnan_J_P_And_Ors_Etc_Etc_vs_State_Of_Andhra_Pradesh_And_Ors_Etc_Etc_on_4_February_1993,1993.0,https://indiankanoon.org/doc/1775396/,case,0,C0_S4,0.989157,True,0.00016952,0.9835507657402155,0.0003815177,0.983739837398374,0.0005550669,0.9994327850255247,0.000552111,20,153,10922
10,257876,"Kesavananda Bharati Sripadagalvaru ... vs State Of Kerala And Anr on 24 April, 1973",1973.0,https://indiankanoon.org/doc/257876/,case,0,C0_S12,0.988987,True,0.00012159,0.9735299678578181,0.0024589104,0.998298355076574,0.0016096401,1.0,0.0015905889,84,563,10922
11,1130169,"State Of Kerala & Anr vs N. M. Thomas & Ors on 19 September, 1975",1975.0,https://indiankanoon.org/doc/1130169/,case,0,C0_S4,0.988731,True,0.0001293,0.9757988277557195,0.0012084772,0.9947059935715636,0.0004899525,0.9992437133673663,0.0004805895,26,53,10922
12,426032,"Sukhdev Singh, Oil & Natural Gas ... vs Bhagat Ram, Association Of Clause Ii. ... on 21 February, 1975",1975.0,https://indiankanoon.org/doc/426032/,case,0,C0_S9,0.987899,True,0.00027273,0.9941387785970883,0.0002115766,0.9757988277557195,9.71317e-05,0.9894119871431273,9.54924e-05,7,105,10922
17,1281050,Ramana_Dayaram_Shetty_vs_The_International_Airport_Authority_Of_on_4_May_1979,1979.0,https://indiankanoon.org/doc/1281050/,case,0,C0_S9,0.984959,True,0.00028162,0.9947059935715636,0.0001466848,0.9697485346946493,6.34787e-05,0.9846851956891662,6.23422e-05,63,1,10922
18,63489929,Ashoka_Kumar_Thakur_vs_Union_Of_India_Ors_on_10_April_2008,2008.0,https://indiankanoon.org/doc/63489929/,case,0,C0_S4,0.983494,True,0.00010552,0.9672906031385895,0.0013607429,0.9958404235205143,0.000133977,0.9931934203062961,0.0001234342,64,87,10922
2896,325228,"Svenska Handelsbanken vs Indian Charge Chrome (Dayal, J.) on 15 October, 1993",1993.0,https://indiankanoon.org/doc/325228/,case,1,C1,0.422793,False,3.7e-06,0.45074683304972585,0.0,0.40669313669880885,0.0,0.40234448856116467,0.0,1,14,51
3020,143123885,"Commnr.,Customs & Cent.Excise ... vs M/S. Roofit Industries Ltd on 23 April, 2015",2015.0,https://indiankanoon.org/doc/143123885/,case,1,C1,0.328786,False,3.67e-06,0.21573076195878238,0.0,0.40669313669880885,0.0,0.40234448856116467,0.0,0,12,51
3623,147930952,"Rajratan Babulal Agarwal vs Solartex India Pvt. Ltd. on 13 October, 2022",2022.0,https://indiankanoon.org/doc/147930952/,case,1,C1,0.328786,False,3.67e-06,0.21573076195878238,0.0,0.40669313669880885,0.0,0.40234448856116467,0.0,0,34,51
4138,1714305,"Mahabir Commercial Co. Ltd vs C.I.T. West Bengal, Calcutta on 8 September, 1972",1972.0,https://indiankanoon.org/doc/1714305/,case,1,C1,0.328786,False,3.67e-06,0.21573076195878238,0.0,0.40669313669880885,0.0,0.40234448856116467,0.0,0,10,51
4499,1799382,"Marwar Tent Factory vs Union Of India And Ors on 9 November, 1989",1989.0,https://indiankanoon.org/doc/1799382/,case,1,C1,0.328786,False,3.67e-06,0.21573076195878238,0.0,0.40669313669880885,0.0,0.40234448856116467,0.0,0,11,51
26,677551,"Allahabad Bank vs Canara Bank & Another on 10 April, 2000",2000.0,https://indiankanoon.org/doc/677551/,case,2,C2_S43,0.980204,True,0.00018567,0.9858196256381169,0.0002405933,0.9784458309699376,3.53712e-05,0.9750425411230856,3.43928e-05,15,81,7913
57,654172,"Secretary Irrigation Department ... vs G.C. Roy on 12 December, 1991",1991.0,https://indiankanoon.org/doc/654172/,case,2,C2_S9,0.96574,True,0.00010639,0.9678578181130648,5.90423e-05,0.942711287577992,5.07101e-05,0.9797693325770467,5.047e-05,14,39,7913
61,86594,"Renusagar Power Co. Ltd vs General Electric Co on 7 October, 1993",1993.0,https://indiankanoon.org/doc/86594/,case,2,C2_S10,0.964502,True,0.00010989,0.9695594630364909,4.82451e-05,0.9360937795424465,4.69805e-05,0.979013045944413,4.67843e-05,21,62,7913
76,181623893,"Mukri Gopalan vs Cheppilat Puthanpurayil Aboobacker on 12 July, 1995",1995.0,https://indiankanoon.org/doc/181623893/,case,2,C2_S24,0.959161,True,0.00013126,0.9761769710720363,6.69953e-05,0.9464927207411609,9.2934e-06,0.9487615806390622,9.0209e-06,13,78,7913
81,1450918,Icici Bank Ltd vs Sidco Leathers Ltd. & Ors,,https://indiankanoon.org/doc/1450918/,case,2,C2_S43,0.957137,True,0.00013606,0.9769332577046701,0.0001042852,0.9591605218377766,5.7244e-06,0.9330686330119116,5.3003e-06,54,7,7913
147,1664373,"Raptakos Brett And Co. Ltd vs Ganesh Property on 8 September, 1998",1998.0,https://indiankanoon.org/doc/1664373/,case,2,C2_S42,0.935148,True,0.00014944,0.9807146908678389,2.33852e-05,0.9109472490073738,1.9033e-06,0.9003592361505011,1.8082e-06,8,48,7913
155,1687638,"Miheer H. Mafatlal vs Mafatlal Industries Ltd on 11 September, 1996",1996.0,https://indiankanoon.org/doc/1687638/,case,2,C2_S2,0.931301,False,0.00059748,0.9994327850255247,1.74862e-05,0.9005483078086595,7.898e-07,0.8754017772735867,7.187e-07,6,18,7913
185,1961694,Union_Of_India_vs_A_L_Rallia_Ram_on_19_April_1963,1963.0,https://indiankanoon.org/doc/1961694/,case,2,C2_S9,0.920476,False,7.226e-05,0.9506522972206466,9.1118e-06,0.8778597088296465,3.4382e-06,0.9164303270939687,3.4012e-06,18,6,7913
219,1412888,"Kale & Others vs Deputy Director Of Consolidation Ors on 21 January, 1976",1976.0,https://indiankanoon.org/doc/1412888/,case,2,C2_S40,0.910333,False,3.453e-05,0.905464170920779,1.54848e-05,0.8958215163546984,4.4455e-06,0.9262620533182075,4.3825e-06,13,26,7913
233,739145,"Raj Kumar Dey And Others vs Tarapada Dey And Others on 14 September, 1987",1987.0,https://indiankanoon.org/doc/739145/,case,2,C2_S40,0.906882,False,4.448e-05,0.9215352618642465,3.7922e-06,0.8483645301569295,5.4459e-06,0.9319342030629608,5.4305e-06,6,15,7913
38,920363,Ghaziabad_Zila_Sahkari_Bank_Ltd_vs_Addl_Labour_Commissioner_Ors_on_17_January_2007,2007.0,https://indiankanoon.org/doc/920363/,case,3,C3,0.974239,True,0.00036954,0.9977311401020987,0.0009787817,0.9937606352807714,5.8671e-06,0.9334467763282284,5.7311e-06,134,23,1463
183,1271790,The_Jumma_Masjid_Mercara_vs_Kodimaniandra_Deviah_on_11_January_1962,1962.0,https://indiankanoon.org/doc/1271790/,case,3,C3,0.921398,False,0.00021902,0.9894119871431273,5.4757e-05,0.9406314993382492,1.451e-07,0.8299300434864814,1.375e-07,4,9,1463
221,1070258,The_Central_Bank_Of_India_Ltd_vs_P_S_Rajagopalan_Etc_on_19_April_1963,1963.0,https://indiankanoon.org/doc/1070258/,case,3,C3,0.909766,False,2.478e-05,0.8869351484212517,0.0002258727,0.9769332577046701,1.3056e-06,0.8878805067120439,1.2742e-06,5,3,1463
270,1270021,Kerala_State_Electricity_Board_Etc_vs_S_N_Govinda_Prabhu_Brothers_And_on_26_August_1986,1986.0,https://indiankanoon.org/doc/1270021/,case,3,C3,0.899764,False,5.37e-06,0.7990168273775761,6.5024e-05,0.9449801474758933,5.83033e-05,0.9826054074494234,5.82943e-05,4,26,1463
571,424137,"Graphite India Ltd. And Another vs Durgapur Projects Ltd. And Others on 27 August, 1999",1999.0,https://indiankanoon.org/doc/424137/,case,3,C3,0.807147,False,4.358e-05,0.9207789752316128,0.0,0.40669313669880885,1.59444e-05,0.9633200983172623,1.59444e-05,2,39,1463
572,1515069,"M.V. Elisabeth And Ors vs Harwan Investment And Trading Pvt. ... on 26 February, 1992",1992.0,https://indiankanoon.org/doc/1515069/,case,3,C3,0.806901,False,4.622e-05,0.9238041217621479,0.0,0.40669313669880885,1.34658e-05,0.9591605218377766,1.34658e-05,6,52,1463
603,762747,"Provash Chandra Dalui & Anr vs Biswanath Banerjee & Anr on 3 April, 1989",1989.0,https://indiankanoon.org/doc/762747/,case,3,C3,0.797088,False,0.00010695,0.9684250330875401,0.0,0.40669313669880885,9.502e-07,0.8801285687275477,9.502e-07,4,16,1463
896,228570,Waverly_Jute_Mills_Co_Ltd_vs_Raymon_Co_India_Private_Ltd_And_on_4_May_1964,1964.0,https://indiankanoon.org/doc/228570/,case,3,C3,0.741946,False,5.32e-06,0.7979769332577047,0.0,0.40669313669880885,3.5445e-06,0.9173756853847608,3.5445e-06,3,5,1463
923,916121,"Jiyajeerao Cotton Mills Limited And ... vs Madhya Pradesh Electricity Board And ... on 12 September, 1988",1988.0,https://indiankanoon.org/doc/916121/,case,3,C3,0.734808,False,1.075e-05,0.846473813575345,0.0,0.40669313669880885,2.176e-07,0.8415579504632256,2.176e-07,3,15,1463
961,157067,Kays_Construction_Co_P_Ltd_vs_State_Of_Uttar_Pradesh_And_Others_on_26_November_1964,1964.0,https://indiankanoon.org/doc/157067/,case,3,C3,0.724877,False,8.35e-06,0.8318207600680658,0.0,0.40669313669880885,1.451e-07,0.8299300434864814,1.451e-07,2,3,1463
3,1522913,Aloke Nath Dutta & Ors vs State Of West Bengal,,https://indiankanoon.org/doc/1522913/,case,4,C4_S15,0.993846,True,0.00030828,0.9962185668368312,0.0024374571,0.9981092834184155,8.85873e-05,0.9880884855360181,8.01763e-05,135,50,7289
7,667073,"Kehar Singh & Ors vs State (Delhi Admn.) on 3 August, 1988",1988.0,https://indiankanoon.org/doc/667073/,case,4,C4_S2,0.989885,True,0.00021695,0.9892229154849688,0.0004966035,0.9878994138778597,0.000119035,0.9920589903573455,0.0001173214,22,104,7289
15,1201493,Bachan_Singh_Etc_Etc_vs_State_Of_Punjab_Etc_Etc_on_16_August_1982,1982.0,https://indiankanoon.org/doc/1201493/,case,4,C4_S15,0.986434,True,0.00027084,0.9937606352807714,0.0001112483,0.9618075250519947,0.0002016707,0.9956513518623559,0.0002012868,29,7,7289
16,1813801,Kartar_Singh_vs_State_Of_Punjab_on_11_March_1994,1994.0,https://indiankanoon.org/doc/1813801/,case,4,C4_S2,0.985857,True,0.00010549,0.9671015314804311,0.0021513998,0.9979202117602571,0.0003805232,0.9986764983928909,0.0003730993,45,302,7289
19,1830927,Janata_Dal_vs_H_S_Chowdhary_And_Ors_on_28_August_1992,1992.0,https://indiankanoon.org/doc/1830927/,case,4,C4_S13,0.982445,True,0.00024485,0.9916808470410285,0.0001176181,0.9629419550009454,6.67086e-05,0.9858196256381169,6.63027e-05,28,71,7289
20,1353689,A_R_Antulay_vs_R_S_Nayak_Anr_on_29_April_1988,1988.0,https://indiankanoon.org/doc/1353689/,case,4,C4_S23,0.982218,True,0.00010345,0.9663452448477973,0.0004014226,0.9843070523728493,0.0003941886,0.9988655700510494,0.0003928034,58,153,7289
42,980208,"Central Bureau Of Investigation, ... vs Duncans Agro Industries Ltd.,Calcutta on 9 July, 1996",1996.0,https://indiankanoon.org/doc/980208/,case,4,C4_S13,0.973426,True,0.00034166,0.9971639251276234,4.32277e-05,0.9321232747211193,3.82538e-05,0.9757988277557195,3.81046e-05,15,25,7289
52,545301,Machhi_Singh_And_Others_vs_State_Of_Punjab_on_20_July_1983,1983.0,https://indiankanoon.org/doc/545301/,case,4,C4_S15,0.968425,True,0.00017471,0.9843070523728493,3.92251e-05,0.9287199848742673,4.66198e-05,0.978634902628096,4.64844e-05,36,1,7289
72,928322,"Ajay Agarwal vs Union Of India And Ors on 5 May, 1993",1993.0,https://indiankanoon.org/doc/928322/,case,4,C4_S2,0.960579,True,6.462e-05,0.944412932501418,0.0001794291,0.9720173945925505,2.47357e-05,0.9708829646435999,2.41166e-05,9,41,7289
73,1837051,"Jagmohan Singh vs The State Of U. P on 3 October, 1972",1972.0,https://indiankanoon.org/doc/1837051/,case,4,C4_S15,0.959766,True,6.824e-05,0.94781622234827,0.0001347834,0.9672906031385895,2.15383e-05,0.9680468897712233,2.10732e-05,18,21,7289
4,165105,Hindustan Petroleum Corpn. Ltd vs Darius Shapur Chenai & Ors,,https://indiankanoon.org/doc/165105/,case,5,C5_S3,0.992636,True,0.00062949,0.9996218566836831,0.0013833593,0.9960294951786727,5.62013e-05,0.9822272641331065,5.46673e-05,214,19,4132
31,1809461,Murari_Ors_vs_Union_Of_India_Ors_on_1_November_1996,1996.0,https://indiankanoon.org/doc/1809461/,case,5,C5_S2,0.976007,True,7.42e-05,0.9519757988277557,0.0004281895,0.9856305539799584,0.0002355315,0.996596710153148,0.0002350567,5,48,4132
32,689330,"Union Of India And Ors vs Filip Tiago De Gama Of Vedem Vasco De Gama on 30 November, 1989",1989.0,https://indiankanoon.org/doc/689330/,case,5,C5_S7,0.976007,True,0.00022695,0.9907354887502363,3.71267e-05,0.9262620533182075,0.0001851854,0.9947059935715636,0.0001851442,15,19,4132
44,1145726,"Union Of India & Ors vs Dhanwanti Devi & Ors on 21 August, 1996",1996.0,https://indiankanoon.org/doc/1145726/,case,5,C5_S19,0.972878,True,0.00040129,0.998298355076574,0.0001860371,0.9725846095670259,8.2345e-06,0.9440347891851012,8.0282e-06,9,27,4132
55,1806862,"Babua Ram And Ors vs State Of U.P. And Anr on 4 October, 1994",1994.0,https://indiankanoon.org/doc/1806862/,case,5,C5_S6,0.966374,True,0.00010592,0.967479674796748,5.24617e-05,0.9394970693892986,6.25035e-05,0.9843070523728493,6.24454e-05,3,68,4132
58,505842,Union of India v. Raghubir Singh,1989.0,https://indiankanoon.org/doc/505842/,case,5,C5_S7,0.965665,True,7.162e-05,0.9498960105880129,5.96201e-05,0.943089430894309,0.0006641851,0.9998109283418416,0.000664119,32,44,4132
63,20367,"Jage Ram And Ors vs State Of Haryana And Ors on 2 March, 1971",1971.0,https://indiankanoon.org/doc/20367/,case,5,C5_S3,0.963471,True,0.00016942,0.9833616940820571,0.0001339214,0.9665343165059558,6.9595e-06,0.9385517110985063,6.811e-06,7,16,4132
65,1536600,Smt_Somavanti_And_Others_vs_The_State_Of_Punjab_And_Others_And_on_2_May_1962,1962.0,https://indiankanoon.org/doc/1536600/,case,5,C5_S32,0.962829,True,0.0001063,0.9676687464549064,0.0001370056,0.9684250330875401,1.07394e-05,0.9532993004348648,1.05874e-05,15,8,4132
68,818638,"Union Of India (Uoi) vs Hari Krishan Khosla (Dead) By Lrs. on 16 September, 1992",1992.0,https://indiankanoon.org/doc/818638/,case,5,C5_S19,0.962469,True,0.00012437,0.9744753261486103,6.69895e-05,0.9463036490830025,1.40255e-05,0.9602949517867272,1.39512e-05,4,46,4132
69,501542,"Delhi Administration vs Gurdip Singh Uban And Ors. Etc on 18 August, 2000",2000.0,https://indiankanoon.org/doc/501542/,case,5,C5_S21,0.962337,True,0.00011394,0.9703157496691246,0.0003973971,0.9839289090565324,6.8149e-06,0.9377954244658726,6.3743e-06,11,24,4132
14,1938608,"Narmada Bachao Andolan Vs.

      Union  of India",2000.0,https://indiankanoon.org/doc/1938608/,case,6,C6,0.987474,True,0.00024563,0.991869918699187,0.0002893951,0.9809037625259973,8.08746e-05,0.9871431272452259,8.08408e-05,22,26,1341
21,764031,"A.P. Pollution Control Board vs Prof.M.V.Nayudu (Retd.) & Others on 27 January, 1999",1999.0,https://indiankanoon.org/doc/764031/,case,6,C6,0.982043,True,0.00023763,0.9913027037247116,0.0001406522,0.9690867838910947,5.23871e-05,0.9807146908678389,5.23706e-05,14,28,1341
22,1937304,"M.I. Builders Pvt. Ltd vs Radhey Shyam Sahu And Others on 26 July, 1999",1999.0,https://indiankanoon.org/doc/1937304/,case,6,C6,0.981584,True,0.00017662,0.9848742673473246,0.0001306945,0.9648326715825298,9.92186e-05,0.9897901304594441,9.92034e-05,14,77,1341
37,1934103,"Vellore Citizens Welfare Forum vs Union Of India & Ors on 28 August, 1996",1996.0,https://indiankanoon.org/doc/1934103/,case,6,C6,0.974414,True,8.653e-05,0.9604840234448856,0.0001406522,0.9690867838910947,0.0001639185,0.9941387785970883,0.0001639021,23,21,1341
84,1714839,Orissa_Cement_Ltd_And_Ors_Etc_Etc_vs_State_Of_Orissa_And_Ors_Etc_Etc_on_4_April_1991,1991.0,https://indiankanoon.org/doc/1714839/,case,6,C6,0.955814,True,4.05e-05,0.9171866137266024,0.000157767,0.9703157496691246,9.8394e-05,0.9896010588012857,9.83755e-05,17,96,1341
116,1907642,"India Cement Ltd vs State Of Tamil Nadu Etc on 25 October, 1989",1989.0,https://indiankanoon.org/doc/1907642/,case,6,C6,0.944503,True,4.816e-05,0.9256948383437322,2.61389e-05,0.9159576479485725,7.37207e-05,0.9863868406125922,7.37177e-05,24,30,1341
121,104313664,"Rural Litigation & Entitlement Kendra vs State Of U.P on 30 August, 1988",1988.0,https://indiankanoon.org/doc/104313664/,case,6,C6,0.943113,True,0.00015234,0.9812819058423142,2.61389e-05,0.9159576479485725,3.7368e-06,0.9188882586500283,3.7338e-06,14,17,1341
142,281568,"The Quarry Owners Association vs The State Of Bihar & Ors on 8 August, 2000",2000.0,https://indiankanoon.org/doc/281568/,case,6,C6,0.936741,True,3.486e-05,0.9062204575534127,5.22778e-05,0.938835318585744,2.40755e-05,0.9701266780109662,2.40694e-05,8,64,1341
145,1752601,"Baijnath Kedia vs State Of Bihar & Ors on 28 August, 1969",1969.0,https://indiankanoon.org/doc/1752601/,case,6,C6,0.935961,False,2.432e-05,0.885800718472301,0.000257655,0.9797693325770467,1.52672e-05,0.9619965967101531,1.52371e-05,11,39,1341
195,865455,State_Of_Orissa_vs_M_A_Tulloch_And_Co_And_Connected_on_16_August_1963,1963.0,https://indiankanoon.org/doc/865455/,case,6,C6,0.918047,False,7.806e-05,0.9544337303838155,1.12024e-05,0.8848553601815088,1.8808e-06,0.9001701644923426,1.8795e-06,24,3,1341
217,739751,Vatticherukuru_Village_Panchayat_And_vs_Nori_Vekatrama_Deekshithulu_And_Ors_on_26_April_1991,1991.0,https://indiankanoon.org/doc/739751/,case,7,C7,0.910645,False,2.171e-05,0.879372282094914,0.000478942,0.9875212705615428,1.448e-06,0.8914728682170543,1.3954e-06,7,65,1300
265,845318,State_Of_Tamil_Nadu_Etc_vs_Ramalinga_Samigal_Madam_Etc_on_1_May_1985,1985.0,https://indiankanoon.org/doc/845318/,case,7,C7,0.900241,False,0.00022559,0.9905464170920779,9.6302e-06,0.8801285687275477,4.84e-08,0.8114010209869541,4.73e-08,10,2,1300
334,1043487,Board_Of_Muslim_Wakfs_Rajasthan_vs_Radha_Krishna_Ors_on_24_October_1978,1978.0,https://indiankanoon.org/doc/1043487/,case,7,C7,0.885957,False,8.542e-05,0.9601058801285687,3.8521e-06,0.8495934959349594,1.289e-07,0.8271885044431839,1.285e-07,8,1,1300
348,1322950,"Katikara Chintamani Dora & Ors vs Guntreddi Annamnaidu & Ors on 11 December, 1973",1973.0,https://indiankanoon.org/doc/1322950/,case,7,C7,0.883163,False,5.82e-06,0.8063906220457553,9.24499e-05,0.9551900170164492,3.7696e-06,0.9194554736245036,3.7594e-06,5,24,1300
357,1651599,Syed_Mohd_Salie_Labbai_Dead_By_L_Rs_vs_Mohd_Hanifs_Dead_By_L_Rs_And_Ors_on_22_March_1976,1976.0,https://indiankanoon.org/doc/1651599/,case,7,C7,0.879911,False,4.488e-05,0.9219134051805634,3.8521e-06,0.8495934959349594,3.546e-07,0.8535640007562866,3.542e-07,11,2,1300
367,703197,Addanki_Tiruvenkata_Thata_Desika_vs_State_Of_Andhra_Pradesh_Anr_on_7_November_1963,1963.0,https://indiankanoon.org/doc/703197/,case,7,C7,0.877694,False,1.626e-05,0.8663263376819814,1.92604e-05,0.9051805634335414,6.689e-07,0.8710531291359426,6.668e-07,5,5,1300
414,911704,Sri_Vedagiri_Lakshmi_Narasimha_Swami_vs_Induru_Pattabhirami_Reddy_on_6_September_1966,1966.0,https://indiankanoon.org/doc/911704/,case,7,C7,0.864275,False,1.495e-05,0.861883153715258,3.09715e-05,0.9200226885989791,1.289e-07,0.8271885044431839,1.255e-07,2,4,1300
637,1552948,"Shree Raja Kandregula Srinivasa ... vs State Of Andhra Pradesh on 9 October, 1969",1969.0,https://indiankanoon.org/doc/1552948/,case,7,C7,0.790145,False,3.96e-06,0.6688409907354887,5.0077e-05,0.9377954244658726,1.048e-07,0.8233125354509359,9.93e-08,1,12,1300
646,1351469,Kuldip_Chand_Anr_vs_Advocate_General_To_Government_Of_on_14_February_2003,2003.0,https://indiankanoon.org/doc/1351469/,case,7,C7,0.78789,False,0.00027279,0.9943278502552467,0.0018721109,0.9973529967857818,0.0,0.40234448856116467,-2.055e-07,91,6,1300
668,329089,"R.S.D.V. Finance Co. Pvt. Ltd vs Vallabh Glass Works Ltd on 3 February, 1993",1993.0,https://indiankanoon.org/doc/329089/,case,7,C7,0.783291,False,5.728e-05,0.9366609945169219,0.0,0.40669313669880885,8.382e-07,0.8770088863679334,8.382e-07,3,25,1300
64,1648125,"Anant Mills Co. Ltd vs State Of Gujarat & Ors on 21 January, 1975",1975.0,https://indiankanoon.org/doc/1648125/,case,8,C8_S25,0.963197,True,7.983e-05,0.9561353753072415,7.11427e-05,0.9483834373227453,5.54955e-05,0.9818491208167895,5.54721e-05,12,53,2251
83,96229,"Nagindas Ramdas vs Dalpatram Ichharam @ Brijram And Ors on 30 November, 1973",1973.0,https://indiankanoon.org/doc/96229/,case,8,C8_S6,0.95675,True,0.00010152,0.9655889582151636,3.77946e-05,0.9275855549253167,2.0261e-05,0.967479674796748,2.02485e-05,15,17,2251
180,1116451,Dewan_Daulat_Rai_Kapoor_Etc_Etc_vs_New_Delhi_Municipal_Committee_Another_on_20_December_1979,1979.0,https://indiankanoon.org/doc/1116451/,case,8,C8_S13,0.92189,False,5.652e-05,0.9362828512006051,0.0006247221,0.9905464170920779,4.03e-07,0.8564000756286633,1.974e-07,10,1,2251
196,1457401,"M.M. Chawla vs J.S. Sethi on 15 September, 1969",1969.0,https://indiankanoon.org/doc/1457401/,case,8,C8_S13,0.917834,False,4.901e-05,0.9272074116089998,0.0005980436,0.990168273775761,3.868e-07,0.855454717337871,1.9e-07,1,27,2251
239,1872225,Ganpat_Ladha_vs_Sashikant_Vishnu_Shinde_on_21_February_1978,1978.0,https://indiankanoon.org/doc/1872225/,case,8,C8_S5,0.906121,False,3.665e-05,0.9115144639818491,1.11161e-05,0.8843826810361127,3.3258e-06,0.9154849688031764,3.3221e-06,9,2,2251
245,895706,Chandavarkar_Sita_Ratna_Rao_vs_Ashalata_S_Guram_on_25_September_1986,1986.0,https://indiankanoon.org/doc/895706/,case,8,C8_S5,0.904462,False,8.34e-06,0.8315371525808282,0.0001089373,0.9612403100775194,8.927e-06,0.9472490073737947,8.8911e-06,14,53,2251
247,978541,"Life Insurance Corporation Of India vs India Automobiles And Co. And Ors on 1 August, 1990",1990.0,https://indiankanoon.org/doc/978541/,case,8,C8_S26,0.904141,False,9.42e-06,0.8372093023255814,6.66963e-05,0.9461145774248441,9.9612e-06,0.9506522972206466,9.9393e-06,2,48,2251
250,1065009,"K. K. Chari vs R. M. Seshadri on 16 March, 1973",1973.0,https://indiankanoon.org/doc/1065009/,case,8,C8_S6,0.903493,False,1.117e-05,0.8485536018150879,2.00089e-05,0.906314993382492,1.71283e-05,0.9642654566080544,1.71217e-05,6,23,2251
260,786194,"Majati Subbarao vs P.K.K. Krishna Rao (Deceased) By Lrs on 19 September, 1989",1989.0,https://indiankanoon.org/doc/786194/,case,8,C8,0.901106,False,6.492e-05,0.9446020041595765,4.89106e-05,0.9368500661750804,1.209e-07,0.8258650028360749,1.048e-07,2,13,2251
312,1802788,Vora_Abbasbhai_Alimahomed_vs_Haji_Gulamnabi_Haji_Safibhai_on_22_October_1963,1963.0,https://indiankanoon.org/doc/1802788/,case,8,C8_S5,0.891393,False,3.545e-05,0.908489317451314,2.2232e-06,0.8356021932312346,2.9363e-06,0.9117035356400076,2.9355e-06,8,2,2251
3597,1298144,Official_Assignee_High_Court_Bombay_vs_Haradagiri_Basavanna_Gowd_And_Others_on_1_November_1962,1962.0,https://indiankanoon.org/doc/1298144/,case,9,C9,0.328786,False,3.67e-06,0.21573076195878238,0.0,0.40669313669880885,0.0,0.40234448856116467,0.0,0,1,2
2,251771,Anil Kak vs Kumari Sharada Raje & Ors,,https://indiankanoon.org/doc/251771/,case,11,C11,0.997533,True,0.00048318,0.9986764983928909,0.0014010656,0.9962185668368312,0.0002472578,0.9971639251276234,0.000246636,196,10,2614
13,388201,Addagada_Raghavamma_And_Anr_vs_Addagada_Chenchamma_And_Anr_on_9_April_1963,1963.0,https://indiankanoon.org/doc/388201/,case,11,C11,0.987691,True,0.00047119,0.9984874267347325,0.0005771584,0.9899792021176026,3.01577e-05,0.9737190395159766,2.99016e-05,10,18,2614
56,873760,"Jaswant Kaur vs Amrit Kaur & Ors on 25 October, 1976",1976.0,https://indiankanoon.org/doc/873760/,case,11,C11,0.96574,True,0.00018562,0.9856305539799584,0.0008933129,0.9926262053318208,4.078e-06,0.9238041217621479,3.6815e-06,8,7,2614
78,747481,"Sridevi & Ors vs. 
Jayaraja Shetty & Ors",,https://indiankanoon.org/doc/747481/,case,11,C11,0.958603,False,0.00066769,0.9998109283418416,0.0013549643,0.9956513518623559,1.1928e-06,0.8850444318396672,5.914e-07,104,5,2614
91,1468380,Sadhu_Singh_vs_Gurdwara_Sahib_Narike_Ors_on_8_September_2006,2006.0,https://indiankanoon.org/doc/1468380/,case,11,C11,0.953852,False,0.00028615,0.994895065229722,0.0004555896,0.9867649839289091,1.1283e-06,0.8834373227453205,9.261e-07,103,11,2614
118,516830,"M.N. Aryamurthy And Anr. vs M.D. Subbaraya Setty (Dead) Through L. ... on 20 September, 1971",1971.0,https://indiankanoon.org/doc/516830/,case,11,C11,0.943855,False,0.00027324,0.9945169219134051,0.0001914242,0.9737190395159766,5.319e-07,0.8646246927585555,4.47e-07,4,9,2614
122,1547137,Shashi_Kumar_Banerjee_Ors_vs_Subodh_Kumar_Banerjee_Since_Deceased_on_13_September_1963,1963.0,https://indiankanoon.org/doc/1547137/,case,11,C11,0.943033,False,0.00013639,0.9771223293628285,0.0001305019,0.9646435999243713,1.3217e-06,0.8886367933446776,1.2638e-06,10,2,2614
124,487379,"Commissioner Of Wealth Tax. Kanpur Etc. ... vs Chander Sen Etc on 16 July, 1986",1986.0,https://indiankanoon.org/doc/487379/,case,11,C11,0.942811,False,9.835e-05,0.9642654566080544,0.0002459801,0.978634902628096,1.491e-06,0.8927018339950842,1.3818e-06,8,19,2614
136,799228,Benga Behera & Anr vs Braja Kishore Nanda & Ors,,https://indiankanoon.org/doc/799228/,case,11,C11,0.93833,False,0.000201,0.9878994138778597,0.0008594946,0.9922480620155039,2.257e-07,0.8431650595575724,-1.558e-07,82,10,2614
143,1422425,"Clarence Pais & Ors vs Union Of India on 22 February, 2001",2001.0,https://indiankanoon.org/doc/1422425/,case,11,C11,0.936529,False,6.753e-05,0.9466817923993194,0.0006706228,0.9913027037247116,1.2411e-06,0.885800718472301,9.435e-07,3,20,2614
208,1893618,"Indian Chamber of Commerce v. C.I.T. West Bengal II, Calcutta",1975.0,https://indiankanoon.org/doc/1893618/,case,15,C15,0.913292,False,1.623e-05,0.866137266023823,6.57318e-05,0.9451692191340518,8.2493e-06,0.944412932501418,8.227e-06,6,13,2284
240,885614,Commissioner_Of_Income_Tax_Madras_vs_Andhra_Chamber_Of_Commerce_on_1_October_1964,1964.0,https://indiankanoon.org/doc/885614/,case,15,C15,0.905989,False,5.334e-05,0.932879561353753,1.31464e-05,0.8897712232936282,1.2895e-06,0.8868406125921724,1.285e-06,9,2,2284
369,760623,Commissioner_Of_Income_Tax_Uttar_vs_Manmohan_Das_Deceased_on_5_November_1965,1965.0,https://indiankanoon.org/doc/760623/,case,15,C15,0.876976,False,3.282e-05,0.9017772735866894,3.94391e-05,0.9290981281905842,4.84e-08,0.8114010209869541,3.5e-08,1,3,2284
553,1245093,"Shrimant Padmaraje R. Kadambande vs Commissioner Of Income Tax, Pune on 22 April, 1992",1992.0,https://indiankanoon.org/doc/1245093/,case,15,C15,0.812814,False,0.00031483,0.9964076384949896,0.0,0.40669313669880885,1.499e-06,0.893079977311401,1.499e-06,3,31,2284
561,1043522,Bombay_Steam_Navigation_Co_1953_vs_Commissioner_Of_Income_Tax_Bombay_on_21_October_1964,1964.0,https://indiankanoon.org/doc/1043522/,case,15,C15,0.810049,False,4.54e-06,0.7647948572508981,8.7642e-06,0.8754017772735867,6.45e-08,0.8150879183210437,6.15e-08,2,4,2284
591,1214358,"Income-Tax Officer, Alleppey vs M.C. Ponnoose & Ors on 28 July, 1969",1969.0,https://indiankanoon.org/doc/1214358/,case,15,C15,0.80052,False,5.256e-05,0.9325014180374361,0.0,0.40669313669880885,5.3429e-06,0.9309888447721687,5.3429e-06,4,15,2284
593,669016,"C.I.T vs Express Newspapers Ltd on 11 January, 1994",1994.0,https://indiankanoon.org/doc/669016/,case,15,C15,0.799669,False,7.451e-05,0.952543013802231,0.0,0.40669313669880885,2.2861e-06,0.9056532425789374,2.2861e-06,2,14,2284
602,98853113,"C.B. Gautam vs Union Of India & Ors on 17 November, 1992",1992.0,https://indiankanoon.org/doc/98853113/,case,15,C15,0.797438,False,3.088e-05,0.8986575912270751,0.0,0.40669313669880885,1.44591e-05,0.9608621667612025,1.44591e-05,13,34,2284
606,558753,"Pooran Mal Etc vs Director Of Inspection ... on 14 December, 1973",1973.0,https://indiankanoon.org/doc/558753/,case,15,C15,0.79688,False,5.846e-05,0.9377954244658726,0.0,0.40669313669880885,3.2455e-06,0.9145396105123842,3.2455e-06,8,48,2284
610,423695,M_S_Gotan_Lime_Syndicate_vs_Commissioner_Of_Income_Tax_Delhi_And_on_15_November_1965,1965.0,https://indiankanoon.org/doc/423695/,case,15,C15,0.79585,False,4.51e-06,0.7622423898657591,2.1911e-06,0.8351295140858386,1.61e-08,0.8062015503875969,1.54e-08,4,3,2284
3839,1780881,T_V_V_Narasimham_And_Others_vs_The_State_Of_Orissa_on_24_October_1962,1962.0,https://indiankanoon.org/doc/1780881/,case,17,C17,0.328786,False,3.67e-06,0.21573076195878238,0.0,0.40669313669880885,0.0,0.40234448856116467,0.0,0,6,7
3919,225097,The_Regional_Settlement_Commissioner_vs_Sunderdas_Bhasin_on_27_April_1962,1962.0,https://indiankanoon.org/doc/225097/,case,19,C19,0.328786,False,3.67e-06,0.21573076195878238,0.0,0.40669313669880885,0.0,0.40234448856116467,0.0,0,3,4
765,1699291,Moti_Ram_Deka_Etc_vs_General_Manager_N_E_F_on_5_December_1963,1963.0,https://indiankanoon.org/doc/1699291/,case,20,C20,0.767499,False,7.13e-06,0.8226507846473814,0.0,0.40669313669880885,1.54165e-05,0.9621856683683115,1.54165e-05,4,11,199
835,360008,Lekhraj_Satramdas_Lalvani_vs_Deputy_Custodlan_Cum_Managing_on_4_May_1965,1965.0,https://indiankanoon.org/doc/360008/,case,20,C20,0.753696,False,8.25e-06,0.8311590092645113,0.0,0.40669313669880885,3.0113e-06,0.9130270372471166,3.0113e-06,4,3,199
1042,1644913,J_K_Steel_Ltd_vs_Union_Of_India_on_18_October_1968,1968.0,https://indiankanoon.org/doc/1644913/,case,20,C20,0.697788,False,5.21e-06,0.7935337492909813,0.0001025483,0.9582151635469843,0.0,0.40234448856116467,-3e-10,2,5,199
1224,213641,"Union Of India & Ors vs Major General Madan Lal Yadav [Retd.] on 22 March, 1996",1996.0,https://indiankanoon.org/doc/213641/,case,20,C20,0.641208,False,0.00031973,0.9967857818113065,0.0,0.40669313669880885,0.0,0.40234448856116467,0.0,4,25,199
1267,269438,"Union Of India And Anr vs P.O. Yadav on 16 October, 2001",2001.0,https://indiankanoon.org/doc/269438/,case,20,C20,0.627595,False,3.83e-06,0.598789941387786,0.0005383787,0.9890338438268104,0.0,0.40234448856116467,-1.4e-09,1,29,199
1684,1999566,Afzal_Ullah_vs_The_State_Of_Uttar_Pradesh_on_20_September_1963,1963.0,https://indiankanoon.org/doc/1999566/,case,20,C20,0.550076,False,4.63e-06,0.7689544337303839,0.0,0.40669313669880885,0.0,0.40234448856116467,0.0,2,2,199
2807,34191619,"B.S. Hari Commandant vs Union Of India on 13 April, 2023",2023.0,https://indiankanoon.org/doc/34191619/,case,20,C20,0.434893,False,3.72e-06,0.48099829835507657,0.0,0.40669313669880885,0.0,0.40234448856116467,0.0,1,38,199
2884,631062,"The State Bank Of India vs Shri A.N. Gupta Etc on 30 September, 1997",1997.0,https://indiankanoon.org/doc/631062/,case,20,C20,0.428843,False,3.71e-06,0.4658725657024012,0.0,0.40669313669880885,0.0,0.40234448856116467,0.0,1,2,199
2929,1911491,"Union Of India & Anr vs Charanjit S. Gill & Ors on 24 April, 2000",2000.0,https://indiankanoon.org/doc/1911491/,case,20,C20,0.422793,False,3.7e-06,0.45074683304972585,0.0,0.40669313669880885,0.0,0.40234448856116467,0.0,1,36,199
3377,155486886,"Abhay Jain vs High Court Of Judicature For Rajasthan on 15 March, 2022",2022.0,https://indiankanoon.org/doc/155486886/,case,20,C20,0.328786,False,3.67e-06,0.21573076195878238,0.0,0.40669313669880885,0.0,0.40234448856116467,0.0,0,30,199
3710,1866329,Bhogaraju_Venkata_Janakirama_Rao_vs_The_Board_Of_Commissioners_For_Hindu_on_31_October_1963,1963.0,https://indiankanoon.org/doc/1866329/,case,21,C21,0.328786,False,3.67e-06,0.21573076195878238,0.0,0.40669313669880885,0.0,0.40234448856116467,0.0,0,1,2
1035,313764,The_Andhra_Prabha_Ltd_Ors_vs_Secretary_Madras_Union_Of_Journalists_on_4_May_1967,1967.0,https://indiankanoon.org/doc/313764/,case,22,C22,0.699319,False,4.66e-06,0.7720741160899981,0.0030769231,0.9986764983928909,0.0,0.40234448856116467,-1e-10,2,2,27
1786,1525393,C_Beepathumma_And_Ors_vs_V_S_Kadambolithaya_And_Ors_on_6_December_1963,1963.0,https://indiankanoon.org/doc/1525393/,case,22,C22,0.536954,False,4.25e-06,0.7361505010398941,0.0,0.40669313669880885,0.0,0.40234448856116467,0.0,3,4,27
2711,549230,Kalinga_Tubes_Ltd_vs_Their_Workmen_on_3_May_1968,1968.0,https://indiankanoon.org/doc/549230/,case,22,C22,0.445708,False,3.74e-06,0.5080355454717338,0.0,0.40669313669880885,0.0,0.40234448856116467,0.0,1,6,27
3704,736438,Burn_And_Company_Ltd_vs_Its_Workmen_on_6_December_1963,1963.0,https://indiankanoon.org/doc/736438/,case,22,C22,0.328786,False,3.67e-06,0.21573076195878238,0.0,0.40669313669880885,0.0,0.40234448856116467,0.0,0,5,27
3888,138321208,Union Of India vs Ram Lakhan Sharma,2018.0,https://indiankanoon.org/doc/138321208/,case,22,C22,0.328786,False,3.67e-06,0.21573076195878238,0.0,0.40669313669880885,0.0,0.40234448856116467,0.0,0,13,27
5150,1998048,Indian_Hume_Pipe_Co_Ltd_vs_Their_Workmen_on_8_February_1968,1968.0,https://indiankanoon.org/doc/1998048/,case,22,C22,0.328786,False,3.67e-06,0.21573076195878238,0.0,0.40669313669880885,0.0,0.40234448856116467,0.0,0,6,27
114,270778,"Rosy Jacob vs Jacob A. Chakramakkal on 5 April, 1973",1973.0,https://indiankanoon.org/doc/270778/,case,24,C24,0.94473,False,0.00015952,0.9820381924749481,0.0326521197,0.9994327850255247,4.997e-07,0.8630175836642088,1.57e-07,9,31,402
1054,184268381,Tejaswini Gaud vs Shekhar Jagdish Prasad Tewari,2019.0,https://indiankanoon.org/doc/184268381/,case,24,C24,0.69308,False,4.49e-06,0.7607298166004915,0.0008317747,0.991869918699187,0.0,0.40234448856116467,-8.7e-09,2,41,402
1125,75878380,Lahari Sakhamuri vs Sobhan Kodali,2019.0,https://indiankanoon.org/doc/75878380/,case,24,C24,0.671403,False,4.11e-06,0.7132728304027226,0.0002907315,0.9810928341841558,0.0,0.40234448856116467,-3.1e-09,4,17,402
1133,182690117,Mrs. Kanika Goel vs The State Of Delhi Thru Sho,2018.0,https://indiankanoon.org/doc/182690117/,case,24,C24,0.667508,False,4.16e-06,0.7229154849688032,7.79302e-05,0.9500850822461713,0.0,0.40234448856116467,-8e-10,3,12,402
1147,85436368,Surya Vadanan vs State Of Tamilnadu & Ors,2015.0,https://indiankanoon.org/doc/85436368/,case,24,C24,0.664001,False,4.04e-06,0.6951219512195121,0.000276808,0.9805256192096805,0.0,0.40234448856116467,-2.9e-09,3,13,402
1150,687286,"Nil Ratan Kundu & Anr vs Abhijit Kundu on 8 August, 2008",2008.0,https://indiankanoon.org/doc/687286/,case,24,C24,0.663244,False,4.02e-06,0.6885044431839668,0.0005032211,0.9880884855360181,0.0,0.40234448856116467,-5.3e-09,3,36,402
1157,637664,"Ruchi Majoo vs Sanjeev Majoo on 13 May, 2011",2011.0,https://indiankanoon.org/doc/637664/,case,24,C24,0.661874,False,4.02e-06,0.6885044431839668,0.0003447631,0.9826054074494234,0.0,0.40234448856116467,-3.6e-09,2,24,402
1219,91331953,Sheoli Hati vs Somnath Das,2019.0,https://indiankanoon.org/doc/91331953/,case,24,C24,0.642721,False,3.92e-06,0.6526753639629419,0.0001184539,0.9633200983172623,0.0,0.40234448856116467,-1.2e-09,1,13,402
1251,1655422,Athar Hussain vs Syed Siraj Ahmed & Ors,2010.0,https://indiankanoon.org/doc/1655422/,case,24,C24,0.632832,False,3.85e-06,0.6154282473057289,0.0003729219,0.9833616940820571,0.0,0.40234448856116467,-3.9e-09,2,16,402
1272,1304490,Thrity_Hoshie_Dolikuka_vs_Hoshiam_Shavaksha_Dolikuka_B_on_4_August_1982,1982.0,https://indiankanoon.org/doc/1304490/,case,24,C24,0.626234,False,8.399e-05,0.959349593495935,0.0,0.40669313669880885,0.0,0.40234448856116467,0.0,4,1,402
201,1326957,Kalwa_Devadattam_And_Two_Others_vs_The_Union_Of_India_And_Others_on_19_April_1963,1963.0,https://indiankanoon.org/doc/1326957/,case,25,C25,0.915239,False,1.618e-05,0.8659481943656646,0.0001654643,0.9712611079599168,5.4239e-06,0.931556059746644,5.4209e-06,4,7,523
203,1385217,"Budhan Singh & Anr vs Nabi Bux & Anr on 20 August, 1969",1969.0,https://indiankanoon.org/doc/1385217/,case,25,C25,0.914559,False,7.16e-06,0.8234070712800151,0.0001286944,0.964076384949896,6.18416e-05,0.9833616940820571,6.18393e-05,4,23,523
230,468834,"Asharfi Lal vs Smt. Koili (Dead) By L.Rs. on 20 April, 1995",1995.0,https://indiankanoon.org/doc/468834/,case,25,C25,0.907686,False,1.394e-05,0.8570618264322178,0.000235327,0.9775004726791454,3.3619e-06,0.9156740404613348,3.3577e-06,3,19,523
314,1167532,Bhagwati_Prasad_vs_Shri_Chandramaul_on_19_October_1965,1965.0,https://indiankanoon.org/doc/1167532/,case,25,C25,0.890778,False,0.00024749,0.9920589903573455,3.677e-06,0.8471355643788996,1.61e-08,0.8062015503875969,1.61e-08,6,2,523
353,1219788,Bibi_Saddiqa_Fatima_vs_Saiyed_Mohammad_Mahmood_Hasan_on_3_May_1978,1978.0,https://indiankanoon.org/doc/1219788/,case,25,C25,0.881225,False,1.228e-05,0.8521459633200983,5.88317e-05,0.9425222159198337,6.609e-07,0.8706749858196257,6.598e-07,2,8,523
370,594554,Union of India v. Moksh Builder and Financiers and Ors.,1976.0,https://indiankanoon.org/doc/594554/,case,25,C25,0.8769,False,4.75e-06,0.7760446209113254,9.00861e-05,0.9543391945547363,6.6166e-06,0.9368500661750804,6.615e-06,2,2,523
393,781706,Amba_Prasad_vs_Abdul_Noor_Khan_And_Ors_on_17_April_1964,1964.0,https://indiankanoon.org/doc/781706/,case,25,C25,0.869678,False,1.935e-05,0.8731329173756854,6.61857e-05,0.9457364341085271,4.84e-08,0.8114010209869541,4.72e-08,5,3,523
413,608210,"Gorakh Nath Dube vs Hari Narain Singh & Ors on 7 August, 1973",1973.0,https://indiankanoon.org/doc/608210/,case,25,C25,0.864299,False,5.54e-06,0.8019474380790319,0.0001801722,0.9722064662507091,4.433e-07,0.8584798638684061,4.401e-07,6,10,523
432,1270973,Commissioner_Of_Income_Tax_Culcutta_vs_Keshavlal_Lallubhai_Patel_on_9_November_1964,1964.0,https://indiankanoon.org/doc/1270973/,case,25,C25,0.859482,False,1.125e-05,0.8493098884477217,2.94159e-05,0.9189827944791076,1.37e-07,0.8286065418793723,1.365e-07,5,5,523
450,1404887,"Sita Ram vs Chhota Bhondey And Others on 9 October, 1990",1990.0,https://indiankanoon.org/doc/1404887/,case,25,C25,0.851721,False,4.22e-06,0.7323690678767253,0.0002500349,0.9788239742862545,1.7473e-06,0.897334089619966,1.7429e-06,1,25,523
106,423307,"Mannan Lal vs Mst. Chhotaka Bibi on 10 April, 1970",1970.0,https://indiankanoon.org/doc/423307/,case,26,C26,0.948227,False,0.0001805,0.985063339005483,0.0051839914,0.9990546417092078,6.447e-07,0.8698241633579127,5.565e-07,6,20,512
351,618762,"Secretary, Government Of Madras, ... vs Zenith Lamp & Electrical Ltd on 10 November, 1972",1972.0,https://indiankanoon.org/doc/618762/,case,26,C26,0.88201,False,6.03e-06,0.8088485536018151,2.68601e-05,0.916997542068444,7.2694e-06,0.9406314993382492,7.269e-06,5,19,512
429,669219,M_P_Shreevastava_vs_Mrs_Veena_on_24_August_1966,1966.0,https://indiankanoon.org/doc/669219/,case,26,C26,0.860815,False,6.56e-06,0.8137644167139346,1.91858e-05,0.9044242768009075,1.1283e-06,0.8834373227453205,1.128e-06,2,5,512
1100,187164,"Anthonyswamy vs M. R. Chinnaswamy Koundan (Deed) By L. ... on 6 October, 1969",1969.0,https://indiankanoon.org/doc/187164/,case,26,C26,0.678399,False,4.53e-06,0.7638494989601059,3.83715e-05,0.928152769899792,0.0,0.40234448856116467,-7e-10,2,5,512
1111,91564105,A. Nawab John & Ors vs V. N. Subramaniyam,2012.0,https://indiankanoon.org/doc/91564105/,case,26,C26,0.676328,False,4.27e-06,0.7405936850066175,9.59288e-05,0.9570807335980337,0.0,0.40234448856116467,-1.6e-09,5,34,512
1171,67973,Vriddhachalam_Pillai_vs_Chaldean_Syrian_Bank_Ltd_Ananother_on_3_December_1963,1963.0,https://indiankanoon.org/doc/67973/,case,26,C26,0.658045,False,4.51e-06,0.7622423898657591,3.8372e-06,0.8493098884477217,0.0,0.40234448856116467,-1e-10,1,2,512
1182,1035752,Vyankates_Dhonddeo_Deshpande_vs_Sou_Kusum_Dattatraya_Kulkarni_Ors_on_27_September_1978,1978.0,https://indiankanoon.org/doc/1035752/,case,26,C26,0.655285,False,4.09e-06,0.7085460389487616,3.45344e-05,0.9241822650784648,0.0,0.40234448856116467,-6e-10,1,4,512
1260,325729,Faqir_Chand_vs_Harnam_Kaur_Anr_on_5_August_1966,1966.0,https://indiankanoon.org/doc/325729/,case,26,C26,0.629533,False,3.92e-06,0.6526753639629419,2.30229e-05,0.9105691056910569,0.0,0.40234448856116467,-4e-10,1,6,512
1346,1332551,"Commerclal Aviation & Travel Company & ... vs Vimal Pannalal on 13 July, 1988",1988.0,https://indiankanoon.org/doc/1332551/,case,26,C26,0.610285,False,3.82e-06,0.5917942900359237,4.22087e-05,0.9309888447721687,0.0,0.40234448856116467,-7e-10,1,16,512
1489,140312526,New Okhla Industrial Development ... vs Yunus,2022.0,https://indiankanoon.org/doc/140312526/,case,26,C26,0.578285,False,3.73e-06,0.494422386084326,0.0001036031,0.9587823785214596,0.0,0.40234448856116467,-1.8e-09,1,65,512
3792,1158789,P_J_Ratnam_vs_D_Kanikaram_And_Others_on_10_April_1963,1963.0,https://indiankanoon.org/doc/1158789/,case,28,C28,0.328786,False,3.67e-06,0.21573076195878238,0.0,0.40669313669880885,0.0,0.40234448856116467,0.0,0,1,2
3071,1473460,R_Ratilal_Co_vs_National_Security_Assurance_Co_Ltd_on_16_December_1963,1963.0,https://indiankanoon.org/doc/1473460/,case,29,C29,0.328786,False,3.67e-06,0.21573076195878238,0.0,0.40669313669880885,0.0,0.40234448856116467,0.0,0,1,2
1195,1275064,Raghunath_Keshava_Kharkar_vs_Ganesh_And_Others_on_2_May_1963,1963.0,https://indiankanoon.org/doc/1275064/,case,30,C30,0.651702,False,3.92e-06,0.6526753639629419,0.0064102564,0.9992437133673663,0.0,0.40234448856116467,-1e-10,1,1,14
4227,307513,"Sri Mahalinga Thambiran Swamigal vs His Holiness Sri La Sri Kasivasi ... on 19 October, 1973",1973.0,https://indiankanoon.org/doc/307513/,case,30,C30,0.328786,False,3.67e-06,0.21573076195878238,0.0,0.40669313669880885,0.0,0.40234448856116467,0.0,0,12,14
1581,638153,Vasudev_Gopalkrishna_Tamwekar_vs_The_Board_Of_Liquidators_Happyhome_on_10_May_1963,1963.0,https://indiankanoon.org/doc/638153/,case,31,C31,0.564407,False,5.71e-06,0.8047835129514086,0.0,0.40669313669880885,0.0,0.40234448856116467,0.0,1,1,7
3117,234968,Raizada_Topandas_Anr_vs_M_S_Gorakhram_Gokalchand_on_22_April_1963,1963.0,https://indiankanoon.org/doc/234968/,case,31,C31,0.328786,False,3.67e-06,0.21573076195878238,0.0,0.40669313669880885,0.0,0.40234448856116467,0.0,0,5,7
3245,403114,Shankar_Narayan_Ranade_vs_Union_Of_India_on_8_February_1963,1963.0,https://indiankanoon.org/doc/403114/,case,32,C32,0.328786,False,3.67e-06,0.21573076195878238,0.0,0.40669313669880885,0.0,0.40234448856116467,0.0,0,2,4
3248,12316330,Shankar_Narayan_Ranade_vs_Union_Of_India_Uoi_on_8_February_1963,1963.0,https://indiankanoon.org/doc/12316330/,case,32,C32,0.328786,False,3.67e-06,0.21573076195878238,0.0,0.40669313669880885,0.0,0.40234448856116467,0.0,0,2,4
3183,1690721,State_Of_Bihar_And_Another_vs_Kundan_Singh_And_Another_on_25_April_1963,1963.0,https://indiankanoon.org/doc/1690721/,case,35,C35,0.328786,False,3.67e-06,0.21573076195878238,0.0,0.40669313669880885,0.0,0.40234448856116467,0.0,0,2,3
3092,156898,Vasumatiben_Gaurishankar_Bhatt_vs_Navairam_Manchharam_Vora_And_Ors_on_14_August_1963,1963.0,https://indiankanoon.org/doc/156898/,case,36,C36,0.328786,False,3.67e-06,0.21573076195878238,0.0,0.40669313669880885,0.0,0.40234448856116467,0.0,0,3,5
4808,1760015,Vasumatiben_Gaurishankar_Bhatt_vs_Navairam_Manchharam_Vora_And_Ors_on_14_August_1964,1964.0,https://indiankanoon.org/doc/1760015/,case,36,C36,0.328786,False,3.67e-06,0.21573076195878238,0.0,0.40669313669880885,0.0,0.40234448856116467,0.0,0,3,5
2902,1365068,Avtar_Singh_vs_State_Of_Punjab_on_24_August_1964,1964.0,https://indiankanoon.org/doc/1365068/,case,38,C38,0.422793,False,3.7e-06,0.45074683304972585,0.0,0.40669313669880885,0.0,0.40234448856116467,0.0,1,5,6
3663,187451124,"Naganna (Dead) By Lrs. / Smt Devamma vs Siddaramegowda (Since Deceased) By Lrs on 19 March, 2025",2025.0,https://indiankanoon.org/doc/187451124/,case,39,C39,0.328786,False,3.67e-06,0.21573076195878238,0.0,0.40669313669880885,0.0,0.40234448856116467,0.0,0,1,2
3171,465621,Commissioner_Of_Income_Tax_Madras_vs_M_K_Stremann_Madras_on_9_November_1964,1964.0,https://indiankanoon.org/doc/465621/,case,40,C40,0.328786,False,3.67e-06,0.21573076195878238,0.0,0.40669313669880885,0.0,0.40234448856116467,0.0,0,1,2
1583,1703983,Commissioner_Of_Income_Tax_Patna_vs_Rani_Bhuwaneshwari_Kuer_on_28_April_1964,1964.0,https://indiankanoon.org/doc/1703983/,case,41,C41,0.563953,False,5.63e-06,0.803649083002458,0.0,0.40669313669880885,0.0,0.40234448856116467,0.0,2,1,5
4926,293615,Commissioner_Of_Income_Tax_Punjab_vs_Raghbir_Singh_on_9_April_1965,1965.0,https://indiankanoon.org/doc/293615/,case,41,C41,0.328786,False,3.67e-06,0.21573076195878238,0.0,0.40669313669880885,0.0,0.40234448856116467,0.0,0,3,5
4928,22125680,Commissioner_Of_Income_Tax_Punjab_vs_Raghbir_Singh_on_9_April_1965 (1),1965.0,https://indiankanoon.org/doc/22125680/,case,41,C41,0.328786,False,3.67e-06,0.21573076195878238,0.0,0.40669313669880885,0.0,0.40234448856116467,0.0,0,3,5
3244,1327181,Deo_Chand_vs_Shiv_Ram_on_24_August_1964,1964.0,https://indiankanoon.org/doc/1327181/,case,42,C42,0.328786,False,3.67e-06,0.21573076195878238,0.0,0.40669313669880885,0.0,0.40234448856116467,0.0,0,2,3
3276,1340641,Haridas_Das_And_Anr_vs_State_Of_West_Bengal_And_Ors_on_16_March_1964,1964.0,https://indiankanoon.org/doc/1340641/,case,44,C44,0.328786,False,3.67e-06,0.21573076195878238,0.0,0.40669313669880885,0.0,0.40234448856116467,0.0,0,3,4
3122,26752,Kanumukkala_Krishna_Murthy_vs_State_Of_Andhra_Pradesh_on_23_March_1964,1964.0,https://indiankanoon.org/doc/26752/,case,45,C45,0.328786,False,3.67e-06,0.21573076195878238,0.0,0.40669313669880885,0.0,0.40234448856116467,0.0,0,5,5
2465,146960,Mahendra_Manilal_Nanavati_vs_Sushila_Mahendra_Nanavati_on_18_March_1964,1964.0,https://indiankanoon.org/doc/146960/,case,46,C46,0.46488,False,3.78e-06,0.5559652108148988,0.0,0.40669313669880885,0.0,0.40234448856116467,0.0,1,5,6
1010,1713965,Mara_And_Others_vs_Nikko_And_Others_on_24_March_1964,1964.0,https://indiankanoon.org/doc/1713965/,case,47,C47,0.707402,False,5.14e-06,0.7914539610512384,0.25,1.0,0.0,0.40234448856116467,-4e-10,1,3,5
4593,146057,Sada_Kaur_vs_Bakhtawar_Singh_And_Ors_on_24_July_1980,1980.0,https://indiankanoon.org/doc/146057/,case,47,C47,0.328786,False,3.67e-06,0.21573076195878238,0.0,0.40669313669880885,0.0,0.40234448856116467,0.0,0,2,5
4869,514063,Municipal_Board_Manglaur_vs_Sri_Mahadeoji_Maharaj_on_24_November_1964,1964.0,https://indiankanoon.org/doc/514063/,case,48,C48,0.328786,False,3.67e-06,0.21573076195878238,0.0,0.40669313669880885,0.0,0.40234448856116467,0.0,0,2,3
4866,50400,Musammat_Murti_Dussadhin_And_Others_vs_Surajdeo_Singh_And_Others_on_11_August_1964,1964.0,https://indiankanoon.org/doc/50400/,case,50,C50,0.328786,False,3.67e-06,0.21573076195878238,0.0,0.40669313669880885,0.0,0.40234448856116467,0.0,0,2,3
4864,1928579,N_Raghavendra_Rao_vs_Deputy_Commissioner_South_on_31_March_1964,1964.0,https://indiankanoon.org/doc/1928579/,case,51,C51,0.328786,False,3.67e-06,0.21573076195878238,0.0,0.40669313669880885,0.0,0.40234448856116467,0.0,0,1,2
1030,492177,Ouseph_Poulo_And_Three_Others_vs_Catholic_Union_Bank_Ltd_And_Ors_on_16_April_1964,1964.0,https://indiankanoon.org/doc/492177/,case,52,C52,0.700908,False,4e-06,0.6833049725846095,0.0,0.40669313669880885,5.3513e-06,0.9311779164303271,5.3513e-06,1,5,7
4852,522567,Ouseph_Poulo_And_Three_Ors_vs_Catholic_Union_Bank_Ltd_And_Ors_on_15_April_1964,1964.0,https://indiankanoon.org/doc/522567/,case,52,C52,0.328786,False,3.67e-06,0.21573076195878238,0.0,0.40669313669880885,0.0,0.40234448856116467,0.0,0,5,7
4801,91068,Shivagouda_Ravji_Patil_And_Others_vs_Chandrakant_Neelkanth_Sedalge_And_on_8_May_1964,1964.0,https://indiankanoon.org/doc/91068/,case,53,C53,0.328786,False,3.67e-06,0.21573076195878238,0.0,0.40669313669880885,0.0,0.40234448856116467,0.0,0,1,2
4800,692533,Shree_Bajrang_Jute_Mills_Ltd_vs_State_Of_Andhra_Pradesh_on_6_February_1964,1964.0,https://indiankanoon.org/doc/692533/,case,54,C54,0.328786,False,3.67e-06,0.21573076195878238,0.0,0.40669313669880885,0.0,0.40234448856116467,0.0,0,5,5
4798,1589788,Sita_Ram_Jhunjhunawala_vs_Bombay_Bullion_Association_Ltd_Ors_on_25_November_1964,1964.0,https://indiankanoon.org/doc/1589788/,case,55,C55,0.328786,False,3.67e-06,0.21573076195878238,0.0,0.40669313669880885,0.0,0.40234448856116467,0.0,0,1,2
4792,193323,V_N_Vasudeva_vs_Seth_Kirorimal_Luhariwala_on_9_January_1964,1964.0,https://indiankanoon.org/doc/193323/,case,56,C56,0.328786,False,3.67e-06,0.21573076195878238,0.0,0.40669313669880885,0.0,0.40234448856116467,0.0,0,1,2
4823,1795477,Ambika_Prasad_Thakur_And_Ors_vs_Maharaj_Kumar_Kamal_Singh_And_Ors_on_8_September_1965,1965.0,https://indiankanoon.org/doc/1795477/,case,57,C57,0.328786,False,3.67e-06,0.21573076195878238,0.0,0.40669313669880885,0.0,0.40234448856116467,0.0,0,2,3
4822,1135377,Amritsar_Sugar_Mills_Co_Ltd_vs_Commissioner_Of_Sales_Tax_U_P_on_13_December_1965,1965.0,https://indiankanoon.org/doc/1135377/,case,58,C58,0.328786,False,3.67e-06,0.21573076195878238,0.0,0.40669313669880885,0.0,0.40234448856116467,0.0,0,1,2
4435,1928257,Rani_Ratnesh_Kumari_vs_State_Of_U_P_Ors_on_2_August_1978,1978.0,https://indiankanoon.org/doc/1928257/,case,60,C60,0.328786,False,3.67e-06,0.21573076195878238,0.0,0.40669313669880885,0.0,0.40234448856116467,0.0,0,1,6
4450,967299,Maharaja_Kumar_Somendra_Chand_Nandy_vs_The_State_Of_Uttar_Pradesh_on_10_July_1985,1985.0,https://indiankanoon.org/doc/967299/,case,60,C60,0.328786,False,3.67e-06,0.21573076195878238,0.0,0.40669313669880885,0.0,0.40234448856116467,0.0,0,1,6
4814,1381806,Commissioner_Income_Tax_U_P_vs_Kunwar_Trivikram_Narain_Singh_on_9_April_1965,1965.0,https://indiankanoon.org/doc/1381806/,case,60,C60,0.328786,False,3.67e-06,0.21573076195878238,0.0,0.40669313669880885,0.0,0.40234448856116467,0.0,0,3,6
4920,1693163,Gurbinder_Singh_And_Another_vs_Lal_Singh_And_Another_on_12_February_1965,1965.0,https://indiankanoon.org/doc/1693163/,case,62,C62,0.328786,False,3.67e-06,0.21573076195878238,0.0,0.40669313669880885,0.0,0.40234448856116467,0.0,0,2,3
4934,1285834,Her_Highness_Maharani_Mandalsa_Devi_And_vs_M_Ramnarain_P_Ltd_And_Ors_on_19_March_1965,1965.0,https://indiankanoon.org/doc/1285834/,case,64,C64,0.328786,False,3.67e-06,0.21573076195878238,0.0,0.40669313669880885,0.0,0.40234448856116467,0.0,0,5,6
4936,853415,Joint_Chief_Controller_Of_Imports_And_vs_M_S_Aminchand_Mutha_Etc_on_21_July_1965,1965.0,https://indiankanoon.org/doc/853415/,case,65,C65,0.328786,False,3.67e-06,0.21573076195878238,0.0,0.40669313669880885,0.0,0.40234448856116467,0.0,0,2,3
4946,217279,Karpagathachi_And_Ors_vs_Nagarathinathachi_on_10_March_1965,1965.0,https://indiankanoon.org/doc/217279/,case,66,C66,0.328786,False,3.67e-06,0.21573076195878238,0.0,0.40669313669880885,0.0,0.40234448856116467,0.0,0,5,6
40,871220,M_S_Motilal_Padampat_Sugar_Mills_Co_vs_State_Of_Uttar_Pradesh_And_Ors_on_12_December_1978,1978.0,https://indiankanoon.org/doc/871220/,case,67,C67,0.974088,True,0.00012528,0.9750425411230856,9.19293e-05,0.9548118737001323,7.7062e-05,0.9867649839289091,7.70504e-05,31,5,1398
53,1149168,"State Of Himachal Pradesh & Ors.Etc vs Ganesh Wood Products & Ors.Etc on 11 September, 1995",1995.0,https://indiankanoon.org/doc/1149168/,case,67,C67,0.967915,True,0.00010083,0.9652108148988466,0.0006661891,0.9911136320665532,1.08706e-05,0.9544337303838155,1.0786e-05,7,23,1398
66,1741949,Pawan_Alloys_And_Casting_Pvt_Ltd_Meerut_vs_U_P_State_Electricity_Board_And_Ors_on_5_August_1997,1997.0,https://indiankanoon.org/doc/1741949/,case,67,C67,0.962602,True,7.981e-05,0.955946303649083,0.0014219198,0.996596710153148,8.547e-06,0.9459255057666855,8.3665e-06,9,25,1398
87,98342524,"Kasinka Trading And Another, Etc. Etc. vs Union Of India And Another on 18 October, 1994",1994.0,https://indiankanoon.org/doc/98342524/,case,67,C67,0.954869,True,4.808e-05,0.9255057666855738,0.0018588825,0.9971639251276234,1.3193e-05,0.9582151635469843,1.2957e-05,18,23,1398
90,952963,"M/S Associated Cement Companies Ltd vs Commissioner Of Customs on 25 January, 2001",2001.0,https://indiankanoon.org/doc/952963/,case,67,C67,0.953942,True,0.00011985,0.9725846095670259,0.0019340974,0.9975420684439402,1.976e-06,0.9014936660994517,1.7305e-06,9,51,1398
129,1882267,Union_Of_India_Ors_vs_M_S_Indo_Afghan_Agencies_Ltd_on_22_November_1967,1967.0,https://indiankanoon.org/doc/1882267/,case,67,C67,0.939715,True,5.512e-05,0.9355265645679712,0.0001653534,0.9710720363017583,3.9798e-06,0.9221024768387219,3.9588e-06,15,3,1398
220,53080,Union_Of_India_Ors_vs_Godfrey_Philips_India_Ltd_Etc_Etc_on_30_September_1985,1985.0,https://indiankanoon.org/doc/53080/,case,67,C67,0.910134,False,3.266e-05,0.9013045944412933,1.7908e-06,0.830213650973719,4.32505e-05,0.9773114010209869,4.32503e-05,20,7,1398
276,1732840,"Sales Tax Officer & Anr vs M/S. Shree Durga Oil Mills & Anr on 15 December, 1997",1997.0,https://indiankanoon.org/doc/1732840/,case,67,C67,0.899187,False,2.109e-05,0.8780487804878049,0.0004625563,0.9869540555870675,4.621e-07,0.8606541879372283,4.033e-07,2,9,1398
342,941355,"South Bihar Sugar Mills Ltd., Etc vs Union Of India & Ors on 5 February, 1968",1968.0,https://indiankanoon.org/doc/941355/,case,67,C67,0.884624,False,3.285e-05,0.9023444885611647,5.39949e-05,0.9402533560219323,1.128e-07,0.824636037058045,1.06e-07,10,3,1398
458,152146,"Hmm Limited & Anr vs Administrator Bangalore City ... on 4 October, 1989",1989.0,https://indiankanoon.org/doc/152146/,case,67,C67,0.84949,False,8e-06,0.82889014936661,7.1993e-06,0.8670826243146152,4.594e-07,0.8604651162790697,4.585e-07,1,5,1398
4947,130794,Mahant_Kaushalya_Das_vs_State_Of_Madras_on_7_May_1965,1965.0,https://indiankanoon.org/doc/130794/,case,69,C69,0.328786,False,3.67e-06,0.21573076195878238,0.0,0.40669313669880885,0.0,0.40234448856116467,0.0,0,2,3
4885,1504197,Ramchandra_vs_Tukaram_And_Ors_on_24_August_1965,1965.0,https://indiankanoon.org/doc/1504197/,case,72,C72,0.328786,False,3.67e-06,0.21573076195878238,0.0,0.40669313669880885,0.0,0.40234448856116467,0.0,0,1,2
1077,1615523,S_N_Sundalaimuthu_Chettiar_vs_Palaniyandavan_on_12_August_1965,1965.0,https://indiankanoon.org/doc/1615523/,case,73,C73,0.685943,False,4.26e-06,0.7380412176214786,0.05,0.9996218566836831,0.0,0.40234448856116467,-1e-10,1,1,6
5264,1675460,L_R_Ganapathi_Thevar_vs_Sri_Navaneethaswaraswami_on_1_August_1968,1968.0,https://indiankanoon.org/doc/1675460/,case,73,C73,0.328786,False,3.67e-06,0.21573076195878238,0.0,0.40669313669880885,0.0,0.40234448856116467,0.0,0,5,6
4895,237664,Sachdanand_Prasad_vs_Babu_Sheo_Prasad_Singh_on_6_May_1965,1965.0,https://indiankanoon.org/doc/237664/,case,74,C74,0.328786,False,3.67e-06,0.21573076195878238,0.0,0.40669313669880885,0.0,0.40234448856116467,0.0,0,1,2
4899,216183,State_Of_Madras_vs_P_Govindarajulu_Naidu_on_23_September_1965,1965.0,https://indiankanoon.org/doc/216183/,case,76,C76,0.328786,False,3.67e-06,0.21573076195878238,0.0,0.40669313669880885,0.0,0.40234448856116467,0.0,0,1,2
4700,967055,Bharat_Fire_General_Insurance_Co_Ltd_vs_Paramshwari_Prasad_Gupta_on_25_November_1966,1966.0,https://indiankanoon.org/doc/967055/,case,77,C77,0.328786,False,3.67e-06,0.21573076195878238,0.0,0.40669313669880885,0.0,0.40234448856116467,0.0,0,1,2
4688,1936500,Gaudi_Ramamurthy_Ors_vs_The_State_Of_Andhra_Pradesh_Ors_on_26_August_1966,1966.0,https://indiankanoon.org/doc/1936500/,case,79,C79,0.328786,False,3.67e-06,0.21573076195878238,0.0,0.40669313669880885,0.0,0.40234448856116467,0.0,0,2,3
4634,266150,Harinagar_Sugar_Mills_Ltd_vs_M_W_Pradhan_on_21_March_1966,1966.0,https://indiankanoon.org/doc/266150/,case,81,C81,0.328786,False,3.67e-06,0.21573076195878238,0.0,0.40669313669880885,0.0,0.40234448856116467,0.0,0,2,3
4651,887029,Kulathil_Mammu_vs_The_State_Of_Kerala_on_2_March_1966,1966.0,https://indiankanoon.org/doc/887029/,case,83,C83,0.328786,False,3.67e-06,0.21573076195878238,0.0,0.40669313669880885,0.0,0.40234448856116467,0.0,0,5,6
4646,981787,M_Padmanabha_Setty_vs_K_P_Papiah_Setty_on_11_March_1966,1966.0,https://indiankanoon.org/doc/981787/,case,84,C84,0.328786,False,3.67e-06,0.21573076195878238,0.0,0.40669313669880885,0.0,0.40234448856116467,0.0,0,1,2
4644,57490,Navinchandra_Babubhai_Nagarsheth_And_vs_Bombay_Revenue_Tribunal_And_Ors_on_21_January_1966,1966.0,https://indiankanoon.org/doc/57490/,case,85,C85,0.328786,False,3.67e-06,0.21573076195878238,0.0,0.40669313669880885,0.0,0.40234448856116467,0.0,0,1,2
4762,947792,Patel_Rambhai_Bacharbhai_Anr_vs_Patel_Dahyabhai_Becharbhai_Anr_on_4_April_1966,1966.0,https://indiankanoon.org/doc/947792/,case,86,C86,0.328786,False,3.67e-06,0.21573076195878238,0.0,0.40669313669880885,0.0,0.40234448856116467,0.0,0,3,4
4757,744798,Ram_Lal_Puri_vs_Gokalnagar_Sugar_Mills_Co_Ltd_on_13_December_1966,1966.0,https://indiankanoon.org/doc/744798/,case,87,C87,0.328786,False,3.67e-06,0.21573076195878238,0.0,0.40669313669880885,0.0,0.40234448856116467,0.0,0,6,7
2227,1012429,Ram_Prasad_Dagduram_vs_Vijay_Kumar_Motilal_Mirakhanwala_Ors_on_18_April_1966,1966.0,https://indiankanoon.org/doc/1012429/,case,88,C88,0.488665,False,3.85e-06,0.6154282473057289,0.0,0.40669313669880885,0.0,0.40234448856116467,0.0,1,7,8
4754,1429485,Srinivasavardacharur_And_Ors_vs_Gopala_Menon_And_Ors_on_4_October_1966,1966.0,https://indiankanoon.org/doc/1429485/,case,91,C91,0.328786,False,3.67e-06,0.21573076195878238,0.0,0.40669313669880885,0.0,0.40234448856116467,0.0,0,1,2
4750,908845,V_M_Rv_Mr_Ramaswami_Chettiar_And_Anr_vs_R_Muthukrishna_Iyer_And_Others_on_16_February_1966,1966.0,https://indiankanoon.org/doc/908845/,case,93,C93,0.328786,False,3.67e-06,0.21573076195878238,0.0,0.40669313669880885,0.0,0.40234448856116467,0.0,0,4,5
4781,853943,Esthuri_Aswanthiah_vs_Commissioner_Of_Income_Tax_Mysore_on_18_April_1967,1967.0,https://indiankanoon.org/doc/853943/,case,95,C95,0.328786,False,3.67e-06,0.21573076195878238,0.0,0.40669313669880885,0.0,0.40234448856116467,0.0,0,2,3
4778,313985,Hans_Raj_vs_Rattan_Chand_Etc_on_3_April_1967,1967.0,https://indiankanoon.org/doc/313985/,case,96,C96,0.328786,False,3.67e-06,0.21573076195878238,0.0,0.40669313669880885,0.0,0.40234448856116467,0.0,0,6,7
4706,1701960,L_M_Chhabda_And_Sons_vs_Commissioner_Of_Income_Tax_Gujarat_on_21_March_1967,1967.0,https://indiankanoon.org/doc/1701960/,case,97,C97,0.328786,False,3.67e-06,0.21573076195878238,0.0,0.40669313669880885,0.0,0.40234448856116467,0.0,0,1,2
362,316117,Nagpur_Electric_Light_Power_Co_Ltd_vs_Regional_Director_Employees_State_on_2_March_1967,1967.0,https://indiankanoon.org/doc/316117/,case,98,C98,0.879027,False,1.943e-05,0.8735110606920022,2.01206e-05,0.9066931366988088,5.601e-07,0.8655700510493477,5.598e-07,5,2,500
644,1513240,Glaxo_Laboratories_vs_The_Presiding_Officer_Labour_Court_on_6_October_1983,1983.0,https://indiankanoon.org/doc/1513240/,case,98,C98,0.788202,False,1.435e-05,0.8595197579882775,0.0,0.40669313669880885,4.76893e-05,0.9792021176025714,4.76893e-05,3,2,500
673,95274,M/S. Peacock Plywood Pvt. Ltd vs The Oriental Insurance Co. Ltd,,https://indiankanoon.org/doc/95274/,case,98,C98,0.782587,False,0.00016573,0.9826054074494234,0.0012555231,0.994895065229722,0.0,0.40234448856116467,-2.04e-08,67,6,500
701,1814310,Lalla_Ram_vs_Management_Of_D_C_M_Chemical_Works_on_16_February_1978,1978.0,https://indiankanoon.org/doc/1814310/,case,98,C98,0.779249,False,9.58e-06,0.8379655889582152,0.0,0.40669313669880885,4.5481e-05,0.9782567593117791,4.5481e-05,1,1,500
833,1510944,"C.E.S.C. Ltd. Etc vs Subhash Chandra Bose And Ors on 15 November, 1991",1991.0,https://indiankanoon.org/doc/1510944/,case,98,C98,0.754065,False,5.06e-06,0.7875779920589904,0.0,0.40669313669880885,1.68403e-05,0.9638873132917376,1.68403e-05,4,48,500
871,1587160,"Regional Director, E.S.I Corpn. And Anr vs Francis De Costa And Anr on 5 May, 1992",1992.0,https://indiankanoon.org/doc/1587160/,case,98,C98,0.747249,False,4.87e-06,0.7809604840234449,0.0,0.40669313669880885,1.02536e-05,0.9519757988277557,1.02536e-05,1,44,500
1055,1549889,Mangulal_Chunilal_vs_Manilal_Maganlal_Anr_on_23_November_1967,1967.0,https://indiankanoon.org/doc/1549889/,case,98,C98,0.692976,False,5.28e-06,0.7972206466250709,4.42652e-05,0.9330686330119116,0.0,0.40234448856116467,-7e-10,4,4,500
1120,1844953,"M/S.Suraj Mal Ram Niwas Oil Mills (P)Ltd vs United India Insurance Co. Ltd. & Anr on 8 October, 2010",2010.0,https://indiankanoon.org/doc/1844953/,case,98,C98,0.673038,False,4.25e-06,0.7361505010398941,8.04822e-05,0.9510304405369635,0.0,0.40234448856116467,-1.3e-09,2,12,500
1222,1435269,General_Assurance_Society_Ltd_vs_Chandumull_Jain_And_Anr_on_7_February_1966,1966.0,https://indiankanoon.org/doc/1435269/,case,98,C98,0.641738,False,0.00037529,0.9981092834184155,0.0,0.40669313669880885,0.0,0.40234448856116467,0.0,8,0,500
1284,1960340,"S.M. Datta.... Appellant vs State Of Gujarat &Anr. ... Respondents on 24 August, 2001",2001.0,https://indiankanoon.org/doc/1960340/,case,98,C98,0.62327,False,3.89e-06,0.639440347891851,2.01206e-05,0.9066931366988088,0.0,0.40234448856116467,-3e-10,4,23,500
4730,1412579,Mohan_Lal_Anr_vs_Grain_Chamber_Ltd_Muzaffarnagar_Ors_on_15_November_1967,1967.0,https://indiankanoon.org/doc/1412579/,case,99,C99,0.328786,False,3.67e-06,0.21573076195878238,0.0,0.40669313669880885,0.0,0.40234448856116467,0.0,0,1,2
474,1224515,N_S_Gujral_vs_Custodian_Of_Evacuee_Property_Anr_on_12_September_1967,1967.0,https://indiankanoon.org/doc/1224515/,case,100,C100,0.841548,False,5.75e-06,0.8053507279258839,7.1736e-05,0.9489506522972206,1.61e-08,0.8062015503875969,1.59e-08,1,1,206
475,638221,Dr_Rajendra_Prakash_Sharma_vs_Gyan_Chandra_Ors_on_27_March_1980,1980.0,https://indiankanoon.org/doc/638221/,case,100,C100,0.841109,False,5.04e-06,0.7868217054263565,0.000143472,0.9695594630364909,4.84e-08,0.8114010209869541,4.8e-08,3,2,206
1040,489698,Gram_Panchayat_Of_Village_Jamalpur_vs_Malwinder_Singh_Ors_on_9_July_1985,1985.0,https://indiankanoon.org/doc/489698/,case,100,C100,0.697901,False,7.13e-06,0.8226507846473814,2.3912e-05,0.9120816789563244,0.0,0.40234448856116467,-1e-10,3,1,206
1645,217758,"Shish Ram & Ors vs The State Of Haryana & Ors on 5 May, 2000",2000.0,https://indiankanoon.org/doc/217758/,case,100,C100,0.555095,False,3.7e-06,0.45074683304972585,4.7824e-05,0.9359047078842881,0.0,0.40234448856116467,-1e-10,1,7,206
3454,191739450,"Karnail Singh vs State Of Haryana Through Secretary To ... on 16 May, 2024",2024.0,https://indiankanoon.org/doc/191739450/,case,100,C100,0.328786,False,3.67e-06,0.21573076195878238,0.0,0.40669313669880885,0.0,0.40234448856116467,0.0,0,42,206
3897,141679914,"Dalip Ram vs State Of Punjab on 2 January, 2025",2025.0,https://indiankanoon.org/doc/141679914/,case,100,C100,0.328786,False,3.67e-06,0.21573076195878238,0.0,0.40669313669880885,0.0,0.40234448856116467,0.0,0,16,206
4105,930951,"State Of Haryana And Ors. vs Khalsa Motors Ltd. And Ors. on 30 August, 1990",1990.0,https://indiankanoon.org/doc/930951/,case,100,C100,0.328786,False,3.67e-06,0.21573076195878238,0.0,0.40669313669880885,0.0,0.40234448856116467,0.0,0,10,206
4167,165933,"Inder Singh & Anr vs The Financial Commissioner, Punjab & ... on 10 October, 1996",1996.0,https://indiankanoon.org/doc/165933/,case,100,C100,0.328786,False,3.67e-06,0.21573076195878238,0.0,0.40669313669880885,0.0,0.40234448856116467,0.0,0,15,206
4366,182057593,The_State_Of_Haryana_Through_Secretary_vs_Jai_Singh_And_Ors_Etc_Etc_on_7_April_2022,2022.0,https://indiankanoon.org/doc/182057593/,case,100,C100,0.328786,False,3.67e-06,0.21573076195878238,0.0,0.40669313669880885,0.0,0.40234448856116467,0.0,0,94,206
4410,1098092,Haji_Siddik_Haji_Umar_Others_vs_Union_Of_India_on_18_January_1983,1983.0,https://indiankanoon.org/doc/1098092/,case,100,C100,0.328786,False,3.67e-06,0.21573076195878238,0.0,0.40669313669880885,0.0,0.40234448856116467,0.0,0,5,206
5125,1421533,Commissioner_Of_Income_Tax_U_P_vs_Jagannath_Mahadeo_Prasad_Etc_on_2_August_1968,1968.0,https://indiankanoon.org/doc/1421533/,case,104,C104,0.328786,False,3.67e-06,0.21573076195878238,0.0,0.40669313669880885,0.0,0.40234448856116467,0.0,0,5,6
880,960821,J_K_Bombay_P_Ltd_vs_New_Kaiser_I_Hind_Spg_Wvg_Co_Ltd_on_22_November_1968,1968.0,https://indiankanoon.org/doc/960821/,case,105,C105,0.745916,False,5.35e-06,0.7986386840612593,0.0,0.40669313669880885,4.7388e-06,0.9279636982416336,4.7388e-06,4,7,23
3967,1432994,"Nandu Mal Girdhari Lal Etc. Etc vs State Of Uttar Pradesh And Ors on 3 April, 1992",1992.0,https://indiankanoon.org/doc/1432994/,case,105,C105,0.328786,False,3.67e-06,0.21573076195878238,0.0,0.40669313669880885,0.0,0.40234448856116467,0.0,0,15,23
5206,1261419,K_Manickchand_Ors_vs_Elias_Saleh_Mohamed_Sait_Anr_on_3_December_1968,1968.0,https://indiankanoon.org/doc/1261419/,case,106,C106,0.328786,False,3.67e-06,0.21573076195878238,0.0,0.40669313669880885,0.0,0.40234448856116467,0.0,0,1,2
5261,94540,Manager_M_S_Pyarchand_Kesarimal_vs_Omkar_Laxman_Thange_Ors_on_27_September_1968,1968.0,https://indiankanoon.org/doc/94540/,case,108,C108,0.328786,False,3.67e-06,0.21573076195878238,0.0,0.40669313669880885,0.0,0.40234448856116467,0.0,0,1,2
5257,989283,Motibhai_Fulabhai_Patel_Co_vs_M_S_R_Prasad_And_Ors_on_30_October_1968,1968.0,https://indiankanoon.org/doc/989283/,case,109,C109,0.328786,False,3.67e-06,0.21573076195878238,0.0,0.40669313669880885,0.0,0.40234448856116467,0.0,0,1,2
5252,972270,P_Bhooma_Reddy_vs_State_Of_Mysore_Ors_on_5_December_1968,1968.0,https://indiankanoon.org/doc/972270/,case,110,C110,0.328786,False,3.67e-06,0.21573076195878238,0.0,0.40669313669880885,0.0,0.40234448856116467,0.0,0,1,2
987,806101,R_H_Bhutani_vs_Miss_Mani_J_Desai_Ors_on_23_April_1968,1968.0,https://indiankanoon.org/doc/806101/,case,111,C111,0.716733,False,6.6e-06,0.8148988466628853,0.1666666667,0.9998109283418416,0.0,0.40234448856116467,-5e-10,1,5,7
4647,1513667,Rajpati_vs_Bachan_Anr_on_28_July_1980,1980.0,https://indiankanoon.org/doc/1513667/,case,111,C111,0.328786,False,3.67e-06,0.21573076195878238,0.0,0.40669313669880885,0.0,0.40234448856116467,0.0,0,1,7
5269,1319777,Ragho_Prasad_Gupta_vs_Shri_Krishna_Poddar_on_23_August_1968,1968.0,https://indiankanoon.org/doc/1319777/,case,112,C112,0.328786,False,3.67e-06,0.21573076195878238,0.0,0.40669313669880885,0.0,0.40234448856116467,0.0,0,2,3
2488,1416013,"Dayaram & Ors vs Dawalatshah & Ors on 8 January, 1971",1971.0,https://indiankanoon.org/doc/1416013/,case,113,C113,0.46488,False,3.78e-06,0.5559652108148988,0.0,0.40669313669880885,0.0,0.40234448856116467,0.0,1,8,8
5223,1776858,"Aluminium Corporation Of India vs Their Workmen on 14 February, 1969",1969.0,https://indiankanoon.org/doc/1776858/,case,114,C114,0.328786,False,3.67e-06,0.21573076195878238,0.0,0.40669313669880885,0.0,0.40234448856116467,0.0,0,1,2
997,1677367,"Tribhuban Parkash Nayyar vs The Union Of India on 10 October, 1969",1969.0,https://indiankanoon.org/doc/1677367/,case,116,C116,0.712469,False,4.01e-06,0.6855738324825109,0.0,0.40669313669880885,1.48935e-05,0.9616184533938362,1.48935e-05,4,8,8
4995,1641051,"Luka Mathai (Dead) By Legal ... vs Neelakanta Iyer Subramonia Iyer on 26 May, 1970",1970.0,https://indiankanoon.org/doc/1641051/,case,117,C117,0.328786,False,3.67e-06,0.21573076195878238,0.0,0.40669313669880885,0.0,0.40234448856116467,0.0,0,1,2
5111,7217,"Shital Singh And Ors. vs State Of Bihar on 23 September, 1970",1970.0,https://indiankanoon.org/doc/7217/,case,120,C120,0.328786,False,3.67e-06,0.21573076195878238,0.0,0.40669313669880885,0.0,0.40234448856116467,0.0,0,1,2
4230,251681,"Sarupuri Narayanamma And Ors. vs Kadiyala Venkatasubbaiah And Ors. on 4 April, 1973",1973.0,https://indiankanoon.org/doc/251681/,case,126,C126,0.328786,False,3.67e-06,0.21573076195878238,0.0,0.40669313669880885,0.0,0.40234448856116467,0.0,0,2,3
4019,825776,"Chairman, Ramappa Gundappa Sahakari ... vs State Of Mysore And Ors. on 5 April, 1974",1974.0,https://indiankanoon.org/doc/825776/,case,127,C127,0.328786,False,3.67e-06,0.21573076195878238,0.0,0.40669313669880885,0.0,0.40234448856116467,0.0,0,3,4
4065,967452,"S. M. Gopalakrishna Chetty vs Ganeshan & Ors on 11 August, 1975",1975.0,https://indiankanoon.org/doc/967452/,case,128,C128,0.328786,False,3.67e-06,0.21573076195878238,0.0,0.40669313669880885,0.0,0.40234448856116467,0.0,0,1,2
4586,194358,Mathuralal_vs_Bhawarlal_Anr_on_13_September_1979,1979.0,https://indiankanoon.org/doc/194358/,case,135,C135,0.328786,False,3.67e-06,0.21573076195878238,0.0,0.40669313669880885,0.0,0.40234448856116467,0.0,0,1,2
3677,43314127,"Kanahaiya Lal Arya vs Md. Ehshan on 25 February, 2025",2025.0,https://indiankanoon.org/doc/43314127/,case,137,C137,0.328786,False,3.67e-06,0.21573076195878238,0.0,0.40669313669880885,0.0,0.40234448856116467,0.0,0,1,2
1555,1163919,Shri_U_R_Mavinkurve_vs_Thakor_Madhavsinghji_Gambhirsingh_And_on_24_February_1965,1965.0,https://indiankanoon.org/doc/1163919/,case,145,C145,0.568453,False,6.6e-06,0.8148988466628853,0.0,0.40669313669880885,0.0,0.40234448856116467,0.0,1,0,2
4446,975152,Thakoreshri_Naharsinghji_vs_State_Of_Gujarat_Ors_on_17_August_1979,1979.0,https://indiankanoon.org/doc/975152/,case,145,C145,0.328786,False,3.67e-06,0.21573076195878238,0.0,0.40669313669880885,0.0,0.40234448856116467,0.0,0,1,2
731,1582042,"N.K. Jain And Others vs C.K.Shah And Others on 26 March, 1991",1991.0,https://indiankanoon.org/doc/1582042/,case,146,C146,0.773823,False,7.06e-06,0.8220835696729061,0.0,0.40669313669880885,5.25509e-05,0.9809037625259973,5.25509e-05,3,51,39
2480,1831445,Commissioner_Of_Expenditure_Tax_vs_Darshan_Surendra_Parekh_on_12_December_1967,1967.0,https://indiankanoon.org/doc/1831445/,case,146,C146,0.46488,False,3.78e-06,0.5559652108148988,0.0,0.40669313669880885,0.0,0.40234448856116467,0.0,1,0,39
4411,1088007,State_Of_Kerala_vs_M_K_Krishnan_Nair_Ors_Andk_on_14_February_1978,1978.0,https://indiankanoon.org/doc/1088007/,case,147,C147,0.328786,False,3.67e-06,0.21573076195878238,0.0,0.40669313669880885,0.0,0.40234448856116467,0.0,0,1,2
5065,1150493,"Pradesh Pong Bandh Visthapitsamiti, ... vs Union Of India & Ors on 26 July, 1996",1996.0,https://indiankanoon.org/doc/1150493/,case,155,C155,0.328786,False,3.67e-06,0.21573076195878238,0.0,0.40669313669880885,0.0,0.40234448856116467,0.0,0,2,3
5256,1466071,"Krishna S/0 Bulaji Borate vs State Of Maharashtra And Ors on 23 January, 2001",2001.0,https://indiankanoon.org/doc/1466071/,case,156,C156,0.328786,False,3.67e-06,0.21573076195878238,0.0,0.40669313669880885,0.0,0.40234448856116467,0.0,0,13,12
3077,149385545,"Punjab State Power Corp.Ltd.Patiala ... vs Atma Singh Grewal on 17 September, 2013",2013.0,https://indiankanoon.org/doc/149385545/,case,169,C169,0.328786,False,3.67e-06,0.21573076195878238,0.0,0.40669313669880885,0.0,0.40234448856116467,0.0,0,3,4
3458,25844925,"Bajranga (Dead) By Lrs. vs The State Of Madhya Pradesh on 19 January, 2021",2021.0,https://indiankanoon.org/doc/25844925/,case,170,C170,0.328786,False,3.67e-06,0.21573076195878238,0.0,0.40669313669880885,0.0,0.40234448856116467,0.0,0,20,17
3700,132101707,"Jagwant Kaur vs Union Of India on 27 January, 2025",2025.0,https://indiankanoon.org/doc/132101707/,case,171,C171,0.328786,False,3.67e-06,0.21573076195878238,0.0,0.40669313669880885,0.0,0.40234448856116467,0.0,0,1,2
